id,name,description,price,stock,image
1,"Redmi 10 Power (Power Black, 8GB RAM, 128GB Storage)","Redmi 10 Power (Power Black, 8GB RAM, 128GB Storage)",10999.00,56,https://m.media-amazon.com/images/I/81eM15lVcJL._AC_UL320_.jpg
2,"OnePlus Nord CE 2 Lite 5G (Blue Tide, 6GB RAM, 128GB Storage)","OnePlus Nord CE 2 Lite 5G (Blue Tide, 6GB RAM, 128GB Storage)",18999.00,33,https://m.media-amazon.com/images/I/71AvQd3VzqL._AC_UL320_.jpg
3,"OnePlus Bullets Z2 Bluetooth Wireless in Ear Earphones with Mic, Bombastic Bass - 12.4 Mm Drivers, 10 Mins Charge - 20 Hrs...","OnePlus Bullets Z2 Bluetooth Wireless in Ear Earphones with Mic, Bombastic Bass - 12.4 Mm Drivers, 10 Mins Charge - 20 Hrs...",1999.00,98,https://m.media-amazon.com/images/I/51UhwaQXCpL._AC_UL320_.jpg
4,"Samsung Galaxy M33 5G (Mystique Green, 6GB, 128GB Storage) | 6000mAh Battery | Upto 12GB RAM with RAM Plus | Travel Adapte...","Samsung Galaxy M33 5G (Mystique Green, 6GB, 128GB Storage) | 6000mAh Battery | Upto 12GB RAM with RAM Plus | Travel Adapte...",15999.00,52,https://m.media-amazon.com/images/I/81I3w4J6yjL._AC_UL320_.jpg
5,"OnePlus Nord CE 2 Lite 5G (Black Dusk, 6GB RAM, 128GB Storage)","OnePlus Nord CE 2 Lite 5G (Black Dusk, 6GB RAM, 128GB Storage)",18999.00,65,https://m.media-amazon.com/images/I/71V--WZVUIL._AC_UL320_.jpg
6,"Redmi 10 Power (Sporty Orange, 8GB RAM, 128GB Storage)","Redmi 10 Power (Sporty Orange, 8GB RAM, 128GB Storage)",10999.00,34,https://m.media-amazon.com/images/I/81OZGH4fZiL._AC_UL320_.jpg
7,"boAt Airdopes 141 Bluetooth Truly Wireless in Ear Earbuds with mic, 42H Playtime, Beast Mode(Low Latency Upto 80ms) for Ga...","boAt Airdopes 141 Bluetooth Truly Wireless in Ear Earbuds with mic, 42H Playtime, Beast Mode(Low Latency Upto 80ms) for Ga...",1299.00,41,https://m.media-amazon.com/images/I/51HBom8xz7L._AC_UL320_.jpg
8,"Apple 20W USB-C Power Adapter (for iPhone, iPad & AirPods)","Apple 20W USB-C Power Adapter (for iPhone, iPad & AirPods)",1589.00,63,https://m.media-amazon.com/images/I/61vtLhO6fDL._AC_UL320_.jpg
9,"Fire-Boltt Ninja Call Pro Plus 1.83"" Smart Watch with Bluetooth Calling, AI Voice Assistance, 100 Sports Modes IP67 Ratin...","Fire-Boltt Ninja Call Pro Plus 1.83"" Smart Watch with Bluetooth Calling, AI Voice Assistance, 100 Sports Modes IP67 Ratin...",1799.00,67,https://m.media-amazon.com/images/I/61S9aVnRZDL._AC_UL320_.jpg
10,"Samsung Galaxy M33 5G (Emerald Brown, 6GB, 128GB Storage) | 6000mAh Battery | Upto 12GB RAM with RAM Plus | Travel Adapter...","Samsung Galaxy M33 5G (Emerald Brown, 6GB, 128GB Storage) | 6000mAh Battery | Upto 12GB RAM with RAM Plus | Travel Adapter...",15999.00,61,https://m.media-amazon.com/images/I/81lnKynSaqL._AC_UL320_.jpg
11,"realme narzo 50A Prime (Flash Black, 4GB RAM+64GB Storage) Full High Definition+ Display |50MP AI Triple Camera| Charger I...","realme narzo 50A Prime (Flash Black, 4GB RAM+64GB Storage) Full High Definition+ Display |50MP AI Triple Camera| Charger I...",9749.00,27,https://m.media-amazon.com/images/I/81IPrkMDqVL._AC_UL320_.jpg
12,"Redmi A1 (Light Blue, 2GB RAM, 32GB Storage) | Segment Best AI Dual Cam | 5000mAh Battery | Leather Texture Design | Andro...","Redmi A1 (Light Blue, 2GB RAM, 32GB Storage) | Segment Best AI Dual Cam | 5000mAh Battery | Leather Texture Design | Andro...",5899.00,71,https://m.media-amazon.com/images/I/81UT07JsBqL._AC_UL320_.jpg
13,"OnePlus Nord CE 2 Lite 5G (Blue Tide, 8GB RAM, 128GB Storage)","OnePlus Nord CE 2 Lite 5G (Blue Tide, 8GB RAM, 128GB Storage)",20999.00,79,https://m.media-amazon.com/images/I/71AvQd3VzqL._AC_UL320_.jpg
14,"boAt Airdopes Atom 81 True Wireless in Ear Earbuds with Upto 50H Playtime, Quad Mics ENx Tech, 13MM Drivers, Beast Mode(50...","boAt Airdopes Atom 81 True Wireless in Ear Earbuds with Upto 50H Playtime, Quad Mics ENx Tech, 13MM Drivers, Beast Mode(50...",1299.00,13,https://m.media-amazon.com/images/I/51NKpc-CnBL._AC_UL320_.jpg
15,"boAt Airdopes 141 Bluetooth Truly Wireless in Ear Earbuds with 42H Playtime, Beast Mode(Low Latency Upto 80ms) for Gaming,...","boAt Airdopes 141 Bluetooth Truly Wireless in Ear Earbuds with 42H Playtime, Beast Mode(Low Latency Upto 80ms) for Gaming,...",1299.00,64,https://m.media-amazon.com/images/I/51tFAbNRaPL._AC_UL320_.jpg
16,"boAt BassHeads 100 in-Ear Wired Headphones with Mic (Black)","boAt BassHeads 100 in-Ear Wired Headphones with Mic (Black)",399.00,62,https://m.media-amazon.com/images/I/719elVA3FvL._AC_UL320_.jpg
17,"boAt Rockerz 330 Bluetooth Wireless in Ear Earphones with mic, Upto 30 Hours Playtime, ASAP Charge, Signature Sound, Dual ...","boAt Rockerz 330 Bluetooth Wireless in Ear Earphones with mic, Upto 30 Hours Playtime, ASAP Charge, Signature Sound, Dual ...",1099.00,73,https://m.media-amazon.com/images/I/514sHd2+YyS._AC_UL320_.jpg
18,"Lapster 5-in-1 Multi-Function Laptop Cleaning Brush/Keyboard Cleaning kit/Gadget Cleaning kit Gap Duster Key-Cap Puller fo...","Lapster 5-in-1 Multi-Function Laptop Cleaning Brush/Keyboard Cleaning kit/Gadget Cleaning kit Gap Duster Key-Cap Puller fo...",97.00,75,https://m.media-amazon.com/images/I/51+UotA4ExL._AC_UL320_.jpg
19,"boAt Wave Call Smart Watch, Smart Talk with Advanced Dedicated Bluetooth Calling Chip, 1.69 HD Display with 550 NITS & 70%...","boAt Wave Call Smart Watch, Smart Talk with Advanced Dedicated Bluetooth Calling Chip, 1.69 HD Display with 550 NITS & 70%...",1999.00,96,https://m.media-amazon.com/images/I/614AipEWSIL._AC_UL320_.jpg
20,"OnePlus Bullets Z2 Bluetooth Wireless in Ear Earphones with Mic, Bombastic Bass - 12.4 Mm Drivers, 10 Mins Charge - 20 Hrs...","OnePlus Bullets Z2 Bluetooth Wireless in Ear Earphones with Mic, Bombastic Bass - 12.4 Mm Drivers, 10 Mins Charge - 20 Hrs...",1999.00,31,https://m.media-amazon.com/images/I/51RP1QMh-mL._AC_UL320_.jpg
21,"boAt Airdopes 121v2 in-Ear True Wireless Earbuds with Upto 14 Hours Playback, 8MM Drivers, Battery Indicators, Lightweight...","boAt Airdopes 121v2 in-Ear True Wireless Earbuds with Upto 14 Hours Playback, 8MM Drivers, Battery Indicators, Lightweight...",1099.00,72,https://m.media-amazon.com/images/I/510+wjzq-vL._AC_UL320_.jpg
22,"Redmi A1 (Black, 2GB RAM, 32GB Storage) | Segment Best AI Dual Cam | 5000mAh Battery | Leather Texture Design | Android 12","Redmi A1 (Black, 2GB RAM, 32GB Storage) | Segment Best AI Dual Cam | 5000mAh Battery | Leather Texture Design | Android 12",5899.00,50,https://m.media-amazon.com/images/I/81BxHYjeA2L._AC_UL320_.jpg
23,"Redmi 10A (Charcoal Black, 4GB RAM, 64GB Storage) | 2 Ghz Octa Core Helio G25 | 5000 mAh Battery | Finger Print Sensor | U...","Redmi 10A (Charcoal Black, 4GB RAM, 64GB Storage) | 2 Ghz Octa Core Helio G25 | 5000 mAh Battery | Finger Print Sensor | U...",8599.00,95,https://m.media-amazon.com/images/I/71293gyogZL._AC_UL320_.jpg
24,"OnePlus 11R 5G (Galactic Silver, 16GB RAM, 256GB Storage)","OnePlus 11R 5G (Galactic Silver, 16GB RAM, 256GB Storage)",44999.00,37,https://m.media-amazon.com/images/I/613SAOPmLeL._AC_UL320_.jpg
25,"OnePlus Nord 2T 5G (Jade Fog, 8GB RAM, 128GB Storage)","OnePlus Nord 2T 5G (Jade Fog, 8GB RAM, 128GB Storage)",28999.00,83,https://m.media-amazon.com/images/I/61ahn9N38zL._AC_UL320_.jpg
26,"OnePlus Nord Buds True Wireless in Ear Earbuds with Mic, 12.4mm Titanium Drivers, Playback:Up to 30hr case, 4-Mic Design +...","OnePlus Nord Buds True Wireless in Ear Earbuds with Mic, 12.4mm Titanium Drivers, Playback:Up to 30hr case, 4-Mic Design +...",2799.00,84,https://m.media-amazon.com/images/I/514NPRZ1AQL._AC_UL320_.jpg
27,"OnePlus Nord 2T 5G (Gray Shadow, 8GB RAM, 128GB Storage)","OnePlus Nord 2T 5G (Gray Shadow, 8GB RAM, 128GB Storage)",28999.00,86,https://m.media-amazon.com/images/I/617MPEZB5mL._AC_UL320_.jpg
28,"boAt Rockerz 255 Pro+ in-Ear Bluetooth Neckband with Upto 40 Hours Playback, ASAP Charge, IPX7, Dual Pairing, BT v5.0, wi...","boAt Rockerz 255 Pro+ in-Ear Bluetooth Neckband with Upto 40 Hours Playback, ASAP Charge, IPX7, Dual Pairing, BT v5.0, wi...",1499.00,58,https://m.media-amazon.com/images/I/51aBTOiXRlL._AC_UL320_.jpg
29,"boAt Rockerz 255 Pro+ in-Ear Bluetooth Neckband with Upto 40 Hours Playback, ASAP Charge, IPX7, Dual Pairing, BT v5.0, wi...","boAt Rockerz 255 Pro+ in-Ear Bluetooth Neckband with Upto 40 Hours Playback, ASAP Charge, IPX7, Dual Pairing, BT v5.0, wi...",1299.00,45,https://m.media-amazon.com/images/I/515jdxLlmaL._AC_UL320_.jpg
30,"Hammer Ace 3.0 Bluetooth Calling Smart Watch with Largest 1.85"" IPS Display, Dual Mode, Spo2, Heart Rate, Strong Metallic ...","Hammer Ace 3.0 Bluetooth Calling Smart Watch with Largest 1.85"" IPS Display, Dual Mode, Spo2, Heart Rate, Strong Metallic ...",1499.00,34,https://m.media-amazon.com/images/I/61jQim6YPnL._AC_UL320_.jpg
31,"iQOO Z6 Lite 5G by vivo (Stellar Green, 6GB RAM, 128GB Storage) | World's First Snapdragon 4 Gen 1 | 120Hz Refresh Rate | ...","iQOO Z6 Lite 5G by vivo (Stellar Green, 6GB RAM, 128GB Storage) | World's First Snapdragon 4 Gen 1 | 120Hz Refresh Rate | ...",15499.00,18,https://m.media-amazon.com/images/I/61VbKHdE0rL._AC_UL320_.jpg
32,"MI Power Bank 3i 20000mAh Lithium Polymer 18W Fast Power Delivery Charging | Input- Type C | Micro USB| Triple Output | Sa...","MI Power Bank 3i 20000mAh Lithium Polymer 18W Fast Power Delivery Charging | Input- Type C | Micro USB| Triple Output | Sa...",2049.00,46,https://m.media-amazon.com/images/I/71lVwl3q-kL._AC_UL320_.jpg
33,"SanDisk Cruzer Blade 32GB USB Flash Drive","SanDisk Cruzer Blade 32GB USB Flash Drive",278.00,61,https://m.media-amazon.com/images/I/61DjwgS4cbL._AC_UL320_.jpg
34,"SanDisk Ultra® microSDXC™ UHS-I Card, 64GB, 140MB/s R, 10 Y Warranty, for Smartphones","SanDisk Ultra® microSDXC™ UHS-I Card, 64GB, 140MB/s R, 10 Y Warranty, for Smartphones",488.00,63,https://m.media-amazon.com/images/I/7180ZAZmERL._AC_UL320_.jpg
35,"boAt Airdopes 141 Pro True Wireless in Ear Earbuds with 45H Playtime, Quad Mics Enx Tech, 12mm Drivers, ASAP Charge, Beast...","boAt Airdopes 141 Pro True Wireless in Ear Earbuds with 45H Playtime, Quad Mics Enx Tech, 12mm Drivers, ASAP Charge, Beast...",1399.00,62,https://m.media-amazon.com/images/I/41TWloBD6XL._AC_UL320_.jpg
36,"Redmi A1 (Light Green, 2GB RAM 32GB ROM) | Segment Best AI Dual Cam | 5000mAh Battery | Leather Texture Design | Android 12","Redmi A1 (Light Green, 2GB RAM 32GB ROM) | Segment Best AI Dual Cam | 5000mAh Battery | Leather Texture Design | Android 12",5899.00,39,https://m.media-amazon.com/images/I/81UmTnrBDSL._AC_UL320_.jpg
37,"OnePlus 11R 5G (Galactic Silver, 8GB RAM, 128GB Storage)","OnePlus 11R 5G (Galactic Silver, 8GB RAM, 128GB Storage)",39999.00,21,https://m.media-amazon.com/images/I/613SAOPmLeL._AC_UL320_.jpg
38,"Fire-Boltt Phoenix Smart Watch with Bluetooth Calling 1.3"",120+ Sports Modes, 240 * 240 PX High Res with SpO2, Heart Rate ...","Fire-Boltt Phoenix Smart Watch with Bluetooth Calling 1.3"",120+ Sports Modes, 240 * 240 PX High Res with SpO2, Heart Rate ...",1699.00,85,https://m.media-amazon.com/images/I/61y2VVWcGBL._AC_UL320_.jpg
39,"Samsung 25W USB Travel Adapter for Cellular Phones - White","Samsung 25W USB Travel Adapter for Cellular Phones - White",1099.00,97,https://m.media-amazon.com/images/I/21uXmiH98wL._AC_UL320_.jpg
40,"boAt Airdopes 141 Bluetooth Truly Wireless in Ear Earbuds with 42H Playtime, Beast Mode(Low Latency Upto 80ms) for Gaming,...","boAt Airdopes 141 Bluetooth Truly Wireless in Ear Earbuds with 42H Playtime, Beast Mode(Low Latency Upto 80ms) for Gaming,...",1299.00,65,https://m.media-amazon.com/images/I/516MceMiCdL._AC_UL320_.jpg
41,"pTron Bassbuds Duo in Ear Earbuds with 32Hrs Total Playtime, Bluetooth 5.1 Wireless, Stereo Audio, Touch Control TWS, with...","pTron Bassbuds Duo in Ear Earbuds with 32Hrs Total Playtime, Bluetooth 5.1 Wireless, Stereo Audio, Touch Control TWS, with...",799.00,55,https://m.media-amazon.com/images/I/51ZT3aMrJIL._AC_UL320_.jpg
42,"TAGG Verve Sense Smartwatch with 1.70'' Large Display, Real SPO2, and Real-Time Heart Rate Tracking, 7 Days Battery Backu...","TAGG Verve Sense Smartwatch with 1.70'' Large Display, Real SPO2, and Real-Time Heart Rate Tracking, 7 Days Battery Backu...",999.00,62,https://m.media-amazon.com/images/I/51zv+mozGgL._AC_UL320_.jpg
43,"Portronics Toad 23 Wireless Optical Mouse with 2.4GHz, USB Nano Dongle, Optical Orientation, Click Wheel, Adjustable DPI(B...","Portronics Toad 23 Wireless Optical Mouse with 2.4GHz, USB Nano Dongle, Optical Orientation, Click Wheel, Adjustable DPI(B...",299.00,87,https://m.media-amazon.com/images/I/41KuRShR97L._AC_UL320_.jpg
44,"Samsung Galaxy M04 Light Green, 4GB RAM, 64GB Storage | Upto 8GB RAM with RAM Plus | MediaTek Helio P35 | 5000 mAh Battery","Samsung Galaxy M04 Light Green, 4GB RAM, 64GB Storage | Upto 8GB RAM with RAM Plus | MediaTek Helio P35 | 5000 mAh Battery",8499.00,16,https://m.media-amazon.com/images/I/814ePfNubRL._AC_UL320_.jpg
45,"ZEBRONICS Zeb-Bro in Ear Wired Earphones with Mic, 3.5mm Audio Jack, 10mm Drivers, Phone/Tablet Compatible(Black)","ZEBRONICS Zeb-Bro in Ear Wired Earphones with Mic, 3.5mm Audio Jack, 10mm Drivers, Phone/Tablet Compatible(Black)",149.00,78,https://m.media-amazon.com/images/I/51D37uhFFBL._AC_UL320_.jpg
46,"realme narzo 50A Prime (Flash Blue, 4GB RAM+128GB Storage) FHD+ Display | 50MP AI Triple Camera| Charger Included","realme narzo 50A Prime (Flash Blue, 4GB RAM+128GB Storage) FHD+ Display | 50MP AI Triple Camera| Charger Included",10499.00,38,https://m.media-amazon.com/images/I/81g0X076+WL._AC_UL320_.jpg
47,"boAt Bassheads 220 Wired in Ear Earphones(Black Indi)","boAt Bassheads 220 Wired in Ear Earphones(Black Indi)",399.00,59,https://m.media-amazon.com/images/I/61iSV4o+X-L._AC_UL320_.jpg
48,"OnePlus Bullets Z2 Bluetooth Wireless in Ear Earphones with Mic, Bombastic Bass - 12.4 Mm Drivers, 10 Mins Charge - 20 Hrs...","OnePlus Bullets Z2 Bluetooth Wireless in Ear Earphones with Mic, Bombastic Bass - 12.4 Mm Drivers, 10 Mins Charge - 20 Hrs...",1999.00,35,https://m.media-amazon.com/images/I/514m1VhSUUL._AC_UL320_.jpg
49,"boAt Rockerz 450 Bluetooth On Ear Headphones with Mic, Upto 15 Hours Playback, 40MM Drivers, Padded Ear Cushions, Integrat...","boAt Rockerz 450 Bluetooth On Ear Headphones with Mic, Upto 15 Hours Playback, 40MM Drivers, Padded Ear Cushions, Integrat...",1299.00,85,https://m.media-amazon.com/images/I/51xxA+6E+xL._AC_UL320_.jpg
50,"Redmi 10A (Slate Grey, 4GB RAM, 64GB Storage) | 2 Ghz Octa Core Helio G25 | 5000 mAh Battery | Finger Print Sensor | Upto ...","Redmi 10A (Slate Grey, 4GB RAM, 64GB Storage) | 2 Ghz Octa Core Helio G25 | 5000 mAh Battery | Finger Print Sensor | Upto ...",8599.00,76,https://m.media-amazon.com/images/I/71kVEmAMyEL._AC_UL320_.jpg
